<?xml version="1.0" encoding="Windows-1252"?>
<ArrayOfCardInfo xmlns:xsi="http://www.w3.org/2001/XMLSchema-instance" xmlns:xsd="http://www.w3.org/2001/XMLSchema">
  <CardInfo>
    <name>Sniper</name>
    <text>Entering: Kill a card.</text>
    <PortraitURL>url</PortraitURL>
    <NameImgURL>url</NameImgURL>
  </CardInfo>
  <CardInfo>
    <name>Giant</name>
    <text>Entering: Occupies 2 cells, but both parts die of one of them dies.</text>
    <PortraitURL>url</PortraitURL>
    <NameImgURL>url</NameImgURL>
  </CardInfo>
  <CardInfo>
    <name>Bomber</name>
    <text>Entering: Kill every minion around him, including himself.</text>
    <PortraitURL>url</PortraitURL>
    <NameImgURL>url</NameImgURL>
  </CardInfo>
  <CardInfo>
    <name>Spy</name>
    <text>Entering: Show the cards in the opponent's hand. NOT IMPLEMENTED YET.</text>
    <PortraitURL>url</PortraitURL>
    <NameImgURL>url</NameImgURL>
  </CardInfo>
  <CardInfo>
    <name>Flamer</name>
    <text>Entering: Kill every minion in the given direction which are not further than 2 cells.</text>
    <PortraitURL>url</PortraitURL>
    <NameImgURL>url</NameImgURL>
  </CardInfo>
  <CardInfo>
    <name>Paratrooper</name>
    <text>Entering: Summoned to a random cell.</text>
    <PortraitURL>url</PortraitURL>
    <NameImgURL>url</NameImgURL>
  </CardInfo>
  <CardInfo>
    <name>Token</name>
    <text>Not counted. It is jsut a placeholder.</text>
    <PortraitURL>url</PortraitURL>
    <NameImgURL>url</NameImgURL>
  </CardInfo>
  <CardInfo>
    <name>Teleporter</name>
    <text>Entering: Switch places with a chosen neighbor.</text>
    <PortraitURL>url</PortraitURL>
    <NameImgURL>url</NameImgURL>
  </CardInfo>
  <CardInfo>
    <name>Changeling</name>
    <text>Entering: If the cell is occupied by enemy it turns to your side without summoning changeling, if it is empty the changeling will be summoned there.</text>
    <PortraitURL>url</PortraitURL>
    <NameImgURL>url</NameImgURL>
  </CardInfo>
  <CardInfo>
    <name>FemmeFatale</name>
    <text>Entering: The women of destiny will pull a chosen card towards herself.</text>
    <PortraitURL>url</PortraitURL>
    <NameImgURL>url</NameImgURL>
  </CardInfo>
  <CardInfo>
    <name>Psychiatrist</name>
    <text>Entering: Silence a special card.</text>
    <PortraitURL>url</PortraitURL>
    <NameImgURL>url</NameImgURL>
  </CardInfo>
  <CardInfo>
    <name>Thief</name>
    <text>Entering: Draw a card from the opponent's deck.</text>
    <PortraitURL>url</PortraitURL>
    <NameImgURL>url</NameImgURL>
  </CardInfo>
  <CardInfo>
    <name>PeaceKeeper</name>
    <text>Entering: Cards around him are not counted.</text>
    <PortraitURL>url</PortraitURL>
    <NameImgURL>url</NameImgURL>
  </CardInfo>
  <CardInfo>
    <name>Werewolf</name>
    <text>On every turn he kills a random neighbor.</text>
    <PortraitURL>url</PortraitURL>
    <NameImgURL>url</NameImgURL>
  </CardInfo>
  <CardInfo>
    <name>Zombie</name>
    <text>Cannot summon next to the zombie. NOT IMPLEMENTED YET.</text>
    <PortraitURL>url</PortraitURL>
    <NameImgURL>url</NameImgURL>
  </CardInfo>
  <CardInfo>
    <name>Predicator</name>
    <text>On every turn's end he turns a random enemy neighbor to your side.</text>
    <PortraitURL>url</PortraitURL>
    <NameImgURL>url</NameImgURL>
  </CardInfo>
  <CardInfo>
    <name>Medic</name>
    <text>Ally neighbors cannot be targeted. NOT IMPLEMENTED YET.</text>
    <PortraitURL>url</PortraitURL>
    <NameImgURL>url</NameImgURL>
  </CardInfo>
  <CardInfo>
    <name>Boxer</name>
    <text>On every turn's end he knocks a random neighbor away with one cell.</text>
    <PortraitURL>url</PortraitURL>
    <NameImgURL>url</NameImgURL>
  </CardInfo>
  <CardInfo>
    <name>Knight</name>
    <text>Immune.</text>
    <PortraitURL>url</PortraitURL>
    <NameImgURL>url</NameImgURL>
  </CardInfo>
  <CardInfo>
    <name>Judge</name>
    <text>Entering: All cards are not counted to win. Start of your turn: Cards are counted to win again.</text>
    <PortraitURL>url</PortraitURL>
    <NameImgURL>url</NameImgURL>
  </CardInfo>
  <CardInfo>
    <name>TaxCollector</name>
    <text>While he is alive, you can kill an enemy after every special card your opponent played.</text>
    <PortraitURL>url</PortraitURL>
    <NameImgURL>url</NameImgURL>
  </CardInfo>
  <CardInfo>
    <name>Scientist</name>
    <text>Special card cannot be summoned next to him. NOT IMPLEMENTED YET.</text>
    <PortraitURL>url</PortraitURL>
    <NameImgURL>url</NameImgURL>
  </CardInfo>
  <CardInfo>
    <name>Cyborg</name>
    <text>Death: resummon himself. This can occur only once.</text>
    <PortraitURL>url</PortraitURL>
    <NameImgURL>url</NameImgURL>
  </CardInfo>
</ArrayOfCardInfo>